customer_id,name,email,join_date,segment_type
1,Stephanie Watkins,patriciarivera@example.org,2024-05-16,0
2,Jason Robinson,nancyduncan@example.com,2025-11-19,2
3,Christina Day,michelleryan@example.com,2024-05-20,1
4,Matthew Lowe,maria36@example.org,2025-07-26,1
5,Benjamin Cardenas,evansamber@example.net,2025-03-30,0
6,Brandon Johns,clarksarah@example.net,2025-02-18,0
7,Mark Pacheco,anthony91@example.net,2025-06-21,0
8,Jon Obrien,daniel03@example.net,2025-10-22,2
9,Nicole Castillo,llandry@example.org,2024-12-22,1
10,James Taylor,gregoryjohnson@example.org,2024-05-11,1
11,Darlene Peterson,amanda98@example.org,2025-05-16,0
12,Casey Fowler,michelle69@example.org,2025-01-22,2
13,Tracy Steele,maryross@example.net,2024-09-11,2
14,Megan Carrillo,garcianatalie@example.net,2024-05-28,0
15,Michael Walls,tylerwilliams@example.net,2024-11-19,0
16,Karen Atkinson,bowersjohn@example.net,2024-07-05,0
17,Ryan Norman,evansrebecca@example.com,2026-01-13,0
18,Terry Mathis,alyssajohnson@example.net,2025-08-05,1
19,Adam Bell,kendra30@example.org,2024-09-30,0
20,Brenda Acosta,cynthia77@example.net,2024-07-19,0
21,Kimberly Gomez,brian98@example.com,2024-10-10,1
22,Dennis Morgan,dramirez@example.net,2024-07-30,0
23,Tabitha Lindsey,craig66@example.net,2025-12-24,0
24,Jennifer Rivera,paul64@example.net,2024-04-30,0
25,Bailey Patterson,brandon53@example.org,2025-03-26,0
26,Patricia Cox,alexandraford@example.net,2025-09-24,1
27,Jill Moore,kkerr@example.net,2024-07-27,0
28,Calvin Simpson,carrielee@example.com,2024-01-22,1
29,John Davis,fdavidson@example.net,2025-09-20,1
30,Charles Kim,hmiller@example.org,2025-01-01,0
31,Jennifer Stanley,brandysilva@example.net,2024-07-23,1
32,Dennis Hicks,kevin04@example.org,2024-12-18,0
33,Kimberly White,brandichen@example.org,2024-02-05,0
34,Steven Russell,michael98@example.net,2025-05-16,2
35,Peggy Rodriguez,sandersjohn@example.net,2024-09-13,2
36,Brenda Kane,triciabaxter@example.org,2025-10-28,2
37,Danielle Watkins,dennisbarr@example.net,2024-09-28,0
38,Michele Huang DDS,leah57@example.org,2025-04-04,0
39,Jay Munoz,bkey@example.net,2024-02-05,1
40,Timothy White,jamesbarnes@example.org,2025-06-26,0
41,Cheryl Tucker,emartinez@example.net,2025-07-30,0
42,William Hall,cassandra48@example.net,2025-09-27,0
43,Patricia Chen,uedwards@example.org,2024-07-31,0
44,Evan Morales,qharris@example.com,2025-10-17,2
45,Charles Mendez,rachel04@example.net,2025-03-07,0
46,Stacy Lawrence,tuckerkevin@example.org,2025-07-09,1
47,Rhonda Chavez,psmith@example.net,2025-12-14,0
48,Stacey Johns,madisongoodwin@example.net,2024-08-10,1
49,Michelle Watson,melissahartman@example.net,2024-05-22,1
50,Anna Delacruz,sarah25@example.net,2024-06-02,0
51,Matthew Simmons,dbell@example.com,2025-09-08,2
52,Michael Johnson,mfreeman@example.net,2024-03-13,1
53,Dakota Hogan,michael32@example.com,2025-07-26,2
54,Jonathan Cervantes,imccullough@example.com,2025-05-20,2
55,Dylan Buckley,cruzalexis@example.com,2024-02-01,1
56,Stacey Russo,nicholasbooth@example.net,2025-07-13,2
57,Peter Moore,rebeccabarrett@example.net,2025-04-06,0
58,James Horton,hernandezbrian@example.com,2024-06-05,0
59,Keith Williams V,raymondjohnson@example.org,2025-12-31,0
60,Robert Washington,othompson@example.org,2024-03-31,0
61,Tamara Pineda,laurahickman@example.com,2024-02-18,0
62,Marvin Newman,gmiles@example.org,2024-08-09,0
63,Shirley Williamson,christina92@example.net,2025-01-14,2
64,Dakota Williams,mmorales@example.com,2025-03-01,0
65,Lisa Perry,jenniferyork@example.org,2024-09-28,0
66,William Watkins,williamayala@example.com,2024-10-13,1
67,Anthony Lawson,carolyn40@example.com,2025-03-21,0
68,Philip Reeves,hturner@example.net,2024-03-24,2
69,Luke Harrington,vsandoval@example.com,2024-10-09,0
70,Adam Baxter,lopezsteve@example.com,2024-08-04,2
71,Wanda Fernandez,timothy33@example.org,2026-01-18,1
72,Dr. Michael Wagner DDS,keith58@example.org,2024-11-02,0
73,Brian Mills,adamsrichard@example.com,2025-12-07,0
74,Savannah Gutierrez,bking@example.org,2024-04-10,2
75,Ashley Martinez,clarence95@example.com,2024-06-04,1
76,James Wiggins,daniel64@example.com,2024-02-08,1
77,Rhonda Hays,kgarza@example.net,2025-09-09,1
78,Charles Clark,patrickcook@example.com,2025-01-29,0
79,Jared Rivas,jon56@example.com,2025-02-23,0
80,Alexandria Ramos,lowecarol@example.net,2025-05-09,0
81,Amy Moreno,rachellittle@example.com,2024-09-10,2
82,Sean Archer,calebcox@example.com,2025-05-02,1
83,Maria Wilson,tvega@example.com,2024-07-24,0
84,Penny Schwartz,osmith@example.net,2024-12-29,0
85,Meghan Rose,chelsea24@example.com,2025-06-08,0
86,Joseph Cox,cathytaylor@example.org,2025-09-14,0
87,Stacey Smith,ryan75@example.net,2025-07-14,1
88,Joe Branch,nrodriguez@example.org,2024-05-02,1
89,Bridget Warner,kbryant@example.com,2025-06-02,2
90,Sarah Norman,davismorgan@example.com,2024-01-22,0
91,Anna Green,hardingjay@example.com,2025-01-13,0
92,Veronica Evans,scollins@example.com,2025-02-12,1
93,Lori Phillips,smithdiane@example.org,2025-03-28,1
94,Nathan Hensley,sharon74@example.net,2024-02-03,1
95,David Gomez,kingsarah@example.org,2025-09-30,1
96,Jason Simpson,ojordan@example.com,2024-06-01,0
97,Jeremy Anderson,bushclinton@example.com,2024-06-24,1
98,Craig Mason,jacqueline87@example.net,2025-12-18,0
99,Daniel Young,michellemcpherson@example.net,2024-02-14,0
100,Julie Brown,vwilliams@example.org,2025-07-04,0
101,Jordan Jackson,morgan42@example.net,2024-03-02,0
102,Betty Murphy,jeffreymiller@example.net,2025-04-24,1
103,Joann Robertson,thall@example.org,2025-02-18,0
104,Katelyn Johnson,andersenmatthew@example.org,2026-01-03,1
105,Richard Hicks,adamsrodney@example.net,2024-07-03,2
106,Tracy Mccall PhD,amanda14@example.net,2025-06-07,0
107,Cristian Price,gailwoods@example.org,2025-03-16,0
108,Jeremy Walter,frankdavis@example.org,2025-06-16,1
109,Mary Walker,thompsonpeter@example.org,2025-08-19,0
110,Amy Kennedy,courtneykim@example.com,2024-09-27,0
111,Robert Wade,william84@example.com,2025-04-06,0
112,Michelle Peterson,umiller@example.org,2025-03-12,0
113,Yolanda Chavez,petersondavid@example.com,2024-03-10,2
114,Alejandro Padilla,laurawilliams@example.org,2025-04-30,2
115,Erin Murphy,samanthawalsh@example.com,2024-04-04,1
116,Jeffrey Burke,whodge@example.net,2025-11-04,2
117,Ashley Walker,bwolfe@example.com,2025-04-23,2
118,Antonio Mason,kgonzalez@example.org,2025-08-28,0
119,Andrew Anderson,warrenbradley@example.org,2025-06-04,2
120,Shaun Lee,lisawilson@example.org,2024-12-05,1
121,Jenna Waters,lewisadam@example.org,2025-07-28,2
122,James Smith,henry01@example.com,2024-06-08,2
123,Scott Montgomery,biancaandrews@example.net,2024-11-26,0
124,Tara Robinson,kararoberts@example.net,2025-07-04,0
125,Ashley Lee,jordannatasha@example.org,2025-05-24,0
126,Toni Higgins,jasonbrown@example.com,2024-06-18,0
127,Angela Johnson,masseytimothy@example.net,2025-08-21,2
128,Thomas Baxter,james04@example.net,2024-04-22,2
129,James Turner,crawfordronald@example.com,2025-03-23,0
130,Robert Navarro,philliptaylor@example.org,2024-06-08,1
131,Lisa Ramos,cheryl52@example.net,2025-04-02,0
132,Margaret Carter,wmiranda@example.org,2024-06-29,0
133,Mary Summers,martha63@example.org,2025-06-18,0
134,Sarah Ewing,stephaniewang@example.org,2025-12-13,0
135,Kelly Lee,glennscott@example.com,2024-07-26,2
136,Kathy Underwood,carla18@example.org,2024-02-19,0
137,Taylor Higgins,colleen52@example.net,2025-08-25,1
138,Kyle Conner,ifields@example.net,2024-02-23,1
139,Diana Stevens,steven56@example.net,2024-02-18,0
140,Brian Riley,dcochran@example.com,2024-06-25,2
141,Michelle Evans MD,coreysandoval@example.com,2025-03-03,2
142,Ronald Brooks,wdorsey@example.net,2024-01-24,0
143,Michael Hensley,campbellcindy@example.com,2024-04-16,0
144,Monica Porter,owenshannah@example.net,2025-07-04,0
145,Sharon Lynch,campbellallen@example.net,2025-10-14,0
146,Bryan Gonzalez,spencer38@example.org,2026-01-06,0
147,Stephen Hodges,kanegeorge@example.org,2025-04-30,1
148,Carlos Rice,megangonzales@example.net,2024-06-30,1
149,Miranda Ramirez,gonzalezjohn@example.org,2025-01-19,0
150,Jorge Reeves,sarahallen@example.net,2024-05-13,0
151,Cynthia Morgan,kellykendra@example.org,2024-02-23,2
152,Dana Terrell,brownchristine@example.net,2024-12-12,0
153,Katherine Taylor,vincentburgess@example.net,2025-12-28,0
154,James Kirby,mnguyen@example.net,2026-01-07,0
155,Robert Blackwell,ravenfernandez@example.com,2025-03-21,2
156,Kimberly Ingram,anthonyallen@example.net,2025-12-14,0
157,Albert Mckinney,troy81@example.org,2024-07-19,1
158,Brent Gonzalez,smithashley@example.com,2025-07-09,1
159,Daniel Martinez,marcia52@example.com,2025-09-16,0
160,Patricia Dixon,john20@example.com,2024-07-17,1
161,Justin Ray,gloveranthony@example.net,2025-07-06,0
162,Dr. Brian Roberts MD,matthewhenry@example.com,2025-01-11,1
163,Barbara Wilson,joel01@example.org,2024-04-13,1
164,Travis Cunningham,smithadam@example.org,2025-03-28,1
165,Erika Vincent,aleonard@example.net,2026-01-15,0
166,Krista Chavez,olsonlinda@example.com,2025-10-15,2
167,Alexandra Fox,jeremyhughes@example.net,2024-03-19,0
168,Chris Bates,buchanankelsey@example.com,2024-06-09,0
169,Joshua Wood,froberts@example.org,2024-08-25,0
170,Cory Roberts,woodmichelle@example.com,2024-11-10,1
171,Jacob Gomez,karcher@example.com,2025-09-17,1
172,Dylan Orozco,angela78@example.net,2025-11-28,0
173,Perry Cruz,dmoore@example.net,2024-06-17,1
174,Timothy Johnson,charlesford@example.com,2024-06-14,0
175,Caitlyn Martinez,kbradford@example.com,2025-03-25,1
176,David Dunlap,ycervantes@example.org,2024-02-07,0
177,Jamie Huerta,pearsonlori@example.net,2025-02-24,1
178,Michael Hunt,lindsaywilliamson@example.com,2024-11-26,0
179,Melissa Hanson,anthony62@example.net,2025-05-28,2
180,Patrick Williams,oburns@example.net,2024-11-03,0
181,Timothy Hammond,robert24@example.net,2024-04-25,0
182,Scott Taylor,carlarobinson@example.org,2025-08-24,0
183,Brooke Harrell,ambergordon@example.com,2024-11-03,2
184,Leslie Harrell,buchananvictor@example.org,2024-05-20,2
185,Krista Martinez,williamsoneric@example.org,2025-02-17,0
186,Jordan Banks,justinclark@example.org,2025-03-15,1
187,Timothy Kim,yreed@example.org,2025-03-20,2
188,Elizabeth Lopez,robertmartin@example.net,2025-06-24,1
189,Jared Rivers,eclark@example.net,2024-12-23,1
190,Michael Davis,ricardo00@example.net,2025-02-06,0
191,Oscar Mccarthy,zacharytaylor@example.org,2025-06-24,0
192,Leonard Lopez,perezmelissa@example.net,2025-04-13,2
193,Stephanie Wilson,heidinorman@example.com,2024-01-21,2
194,Anthony Turner,mosesvickie@example.org,2025-12-17,1
195,Nicole Clarke,dsanchez@example.org,2025-03-24,0
196,Dawn Greene,christineromero@example.com,2024-03-11,0
197,Samuel Hall,riverakimberly@example.net,2024-07-31,1
198,Alexander Smith,rollinselizabeth@example.com,2025-05-23,2
199,Brittany Lawrence,floresalyssa@example.net,2025-05-29,2
200,Samantha Webb,brooksdeanna@example.net,2025-01-30,1
201,Mrs. Jennifer Griffin,evanbright@example.org,2024-07-25,1
202,Elizabeth Ward,vnunez@example.net,2024-07-31,0
203,Andrew Gibson,bflowers@example.net,2024-04-27,0
204,Kimberly Stewart,amy98@example.com,2025-10-31,2
205,Robert Vega,april14@example.net,2025-11-14,1
206,Kristin Hurley,petermendoza@example.org,2024-11-02,0
207,Natalie Rodriguez,wendy28@example.com,2024-12-31,0
208,Heidi Day,johnramirez@example.com,2025-02-19,1
209,Jade Smith,batessusan@example.net,2025-05-03,0
210,Michael Santiago,christina61@example.net,2025-01-27,0
211,Glenn Turner,allisonsusan@example.net,2024-12-29,1
212,Joshua Jones,opena@example.org,2024-08-14,1
213,James Pham,olsonlori@example.com,2025-06-09,1
214,Carrie Armstrong,harrischarles@example.org,2024-12-07,0
215,Bryan Willis,danielswilliam@example.com,2025-04-05,1
216,David Pennington,rebecca25@example.net,2025-04-14,0
217,Laurie Sharp,bbarnes@example.net,2026-01-10,0
218,Joshua Caldwell,yorknicholas@example.com,2025-10-26,1
219,Christopher Jenkins,garcialarry@example.com,2025-10-11,1
220,David Ellis,derrickdiaz@example.net,2024-11-01,2
221,David George,jamessanchez@example.com,2025-06-05,1
222,Catherine Campbell,jaredarnold@example.org,2025-09-04,1
223,Eric Smith,tracy10@example.org,2025-11-10,0
224,Kelli Taylor,vmartin@example.com,2024-12-28,0
225,Timothy Williams,nyoung@example.org,2024-12-28,0
226,Lisa Harris,thompsontanya@example.org,2025-07-04,0
227,Barbara Williams,twilcox@example.net,2024-05-21,2
228,Christina Mullins,craig11@example.net,2025-10-01,0
229,Catherine Brown,bgardner@example.org,2025-12-28,2
230,Lindsay Davidson,collierdeborah@example.org,2024-07-24,1
231,Jason Sanchez,olsondeborah@example.org,2025-08-05,1
232,Elizabeth Baker,murphymarcus@example.org,2025-11-11,1
233,Aaron Le,carpentertony@example.net,2024-04-30,1
234,Morgan Lewis,henrydonald@example.com,2024-09-27,0
235,Debra Espinoza,aimee90@example.org,2024-02-08,0
236,Kiara Wang,patrick43@example.org,2024-10-27,1
237,Elizabeth Martinez,brookslindsey@example.org,2024-05-07,0
238,Eric Hill,ronald38@example.com,2025-09-30,0
239,Kelsey Bailey,udaniel@example.org,2025-04-03,1
240,Rodney Lane,lynnwilliams@example.org,2025-10-11,0
241,Melissa Sawyer,cindy32@example.com,2025-11-10,2
242,Debra Hall,elizabeth63@example.com,2024-08-30,2
243,John Neal,tortega@example.net,2025-08-25,2
244,Kyle Lewis,desireeallen@example.com,2024-09-11,0
245,Pamela Nielsen,hernandezmaria@example.com,2024-01-25,0
246,Julian Christian,opearson@example.net,2024-05-17,2
247,Matthew Gonzalez,ellen92@example.net,2025-11-28,0
248,Tommy Carter,stephanietaylor@example.net,2024-05-16,2
249,Jessica Wilson,wandabowman@example.com,2025-05-31,2
250,Stephen Hicks,apetty@example.com,2024-06-26,2
251,Dominic Lewis,caroline85@example.net,2025-08-10,0
252,Juan Romero,mitchellgregory@example.org,2024-03-12,0
253,Rebecca Morton,prussell@example.net,2024-01-31,2
254,Dennis Roberts,vreynolds@example.net,2024-04-26,0
255,Nicholas Roberts,jbaker@example.org,2025-06-09,0
256,Robert Hamilton,cummingsheather@example.com,2024-06-14,1
257,Jason Diaz,dsanchez@example.com,2024-10-05,2
258,Joshua Ramirez II,thompsonmatthew@example.com,2024-11-09,1
259,Leah Brennan,reynoldsjudy@example.org,2025-01-27,1
260,Michelle Grant,alexis07@example.com,2025-03-06,0
261,Alison Monroe,ksmith@example.net,2024-04-23,1
262,Christopher Martinez,lwhite@example.org,2024-11-18,2
263,Andrew Holmes,bhuynh@example.net,2024-12-02,0
264,Erica Steele,annacox@example.net,2024-09-20,1
265,Donna Gilbert,ohurley@example.com,2025-04-10,2
266,Kristen Taylor DDS,contrerasjennifer@example.com,2025-11-01,1
267,Frank Fitzpatrick,sylvia90@example.net,2024-03-07,1
268,Laura Dunlap,griffinerin@example.com,2024-09-05,1
269,Beverly Doyle,ntaylor@example.net,2024-08-14,0
270,Holly Dennis,aroberts@example.net,2026-01-10,0
271,Ashley Mcfarland,mark05@example.org,2024-05-31,2
272,Margaret Booth,rachelblack@example.com,2026-01-14,2
273,Cynthia Peterson,kmann@example.org,2025-04-03,2
274,Carol Johnston,gibsonscott@example.org,2025-07-18,2
275,Sandra Mccullough,robertgonzales@example.net,2024-09-13,1
276,Rhonda Haynes,diazfrank@example.org,2024-08-29,1
277,John Salas,glennnichole@example.org,2025-01-04,1
278,Christopher Jones,jgarcia@example.net,2025-08-17,1
279,Kelsey Morrow,cwillis@example.org,2024-08-22,1
280,Antonio Fields,randy26@example.org,2024-09-20,1
281,Benjamin Taylor,ugray@example.net,2025-12-24,2
282,Martin Cole,reginald78@example.net,2025-11-03,0
283,Curtis Palmer,jacobsonalex@example.org,2024-11-11,0
284,Brandon Howard,sabrina11@example.com,2024-04-10,0
285,Jesus Crawford,tpollard@example.com,2024-04-16,1
286,Bethany Garrett,jennifervega@example.net,2025-04-12,0
287,Melissa Lee,jake43@example.net,2024-03-02,0
288,Michelle Nelson,daniel30@example.com,2024-07-20,1
289,Eric Powell,riveradavid@example.com,2024-10-16,0
290,Angela West,vmartin@example.org,2025-07-06,1
291,Joan Olsen,rebeccaosborne@example.org,2024-06-22,0
292,Jamie Russell,wcooper@example.org,2025-08-26,0
293,Thomas Jordan,amanda90@example.com,2025-03-13,2
294,Patrick Barnes,kellywong@example.net,2025-03-04,0
295,Jonathan Moss,murrayapril@example.net,2024-08-13,0
296,Stephen Vargas,yparks@example.com,2025-02-10,1
297,Ruth Carlson,edward00@example.org,2024-10-28,1
298,Mrs. Rachel Ryan,tranrobert@example.net,2026-01-17,0
299,Jasmine Lynch DVM,silvalinda@example.net,2024-10-14,1
300,Wesley Romero,brandonmason@example.com,2025-10-01,0
301,Judith Hoffman,mathismelissa@example.net,2025-06-24,0
302,Scott Price,lauren87@example.net,2024-07-12,1
303,Dr. Ricardo Thomas,james05@example.net,2024-07-17,1
304,Jerry Simmons,sherylstanley@example.com,2024-04-15,1
305,Stacy Turner,deckeramanda@example.com,2024-12-16,1
306,Jennifer White,holtkatie@example.net,2025-05-09,2
307,Kathryn Jenkins,garciajoseph@example.org,2024-01-26,1
308,Rebecca Yates,michelle34@example.net,2024-06-12,0
309,Ms. Emily Haynes,doris77@example.net,2025-08-22,1
310,Eric Colon,brandon33@example.org,2024-06-18,0
311,Samantha Wood,georgeortiz@example.net,2025-04-21,0
312,Jason Adams,wellsdouglas@example.com,2024-04-17,0
313,Michael Velasquez,elizabethrichard@example.org,2024-03-01,0
314,Barbara Ford,ykoch@example.org,2024-10-02,2
315,Aaron Jones,stricklandkari@example.org,2024-03-05,2
316,Michelle Gonzales,shannonbrewer@example.net,2024-11-08,1
317,Danielle Walsh,jboyd@example.net,2024-06-08,0
318,Ashley Parrish,bwood@example.com,2024-06-04,0
319,Steven Fox,bennettpaige@example.com,2025-05-28,0
320,Tabitha Howell,laurenrowland@example.org,2026-01-01,0
321,James Terrell,tcraig@example.net,2025-04-06,1
322,Teresa Merritt,ryan12@example.org,2025-02-13,1
323,Shelby Smith,leah42@example.net,2024-06-25,1
324,Leslie Monroe,walterbrown@example.org,2025-01-26,0
325,Anthony Atkins,charlesreyes@example.org,2025-08-18,2
326,Terry Smith,carrie33@example.net,2024-06-08,1
327,Diane Peterson,omar04@example.org,2024-04-09,1
328,Lisa Brown,mackenziesparks@example.com,2024-10-23,1
329,Jeremy Howell,cindywilliams@example.org,2025-03-09,0
330,Madison Small,munozaaron@example.com,2026-01-03,0
331,Lisa Becker,stevenharvey@example.com,2025-05-15,0
332,Morgan Richardson,rubiochristopher@example.net,2025-10-09,1
333,Sara Knight,owenscourtney@example.com,2026-01-05,0
334,Anthony Dorsey,george91@example.org,2024-08-30,0
335,Anthony Collins,laura42@example.org,2024-08-12,0
336,Charlotte Kaiser,thomashernandez@example.com,2025-07-14,0
337,Ryan Porter,pbrewer@example.org,2025-05-22,2
338,Donald Mcdonald,davidchandler@example.net,2024-06-20,1
339,Cody Thomas,jenniferdavis@example.net,2024-04-09,0
340,Abigail Garcia,theresaleblanc@example.net,2024-03-16,0
341,Christopher Lamb,bradleymclaughlin@example.com,2024-12-15,0
342,Jennifer Garner,jvazquez@example.com,2024-12-21,0
343,Chad Hamilton,hooverkristin@example.org,2026-01-09,0
344,Denise Franco,hoffmanemily@example.org,2024-03-20,0
345,Mark Wolfe,greenmadeline@example.net,2024-03-21,0
346,Elizabeth Morris,bmartin@example.org,2024-05-29,1
347,April Patel,mary87@example.com,2025-11-25,1
348,Kathryn Robinson,barry17@example.net,2024-02-17,0
349,Megan Byrd,plane@example.net,2025-09-12,0
350,Laura Barton,hyoder@example.org,2025-08-28,1
351,Jennifer Marquez,williamskimberly@example.com,2024-08-02,1
352,Jason Richardson,laura44@example.com,2025-11-14,2
353,Kimberly Long,qharrington@example.com,2026-01-18,1
354,Ashley King,hcastillo@example.net,2024-09-07,0
355,Brian Guerra,abigail30@example.net,2024-08-23,0
356,Madison Garcia,melissa97@example.net,2024-12-22,1
357,Nicole Crane,johnsongloria@example.org,2024-08-26,0
358,Jack Robinson,isanchez@example.com,2024-11-10,1
359,Joseph Freeman,calvinsoto@example.net,2025-06-06,2
360,Linda Rojas,aaronfaulkner@example.net,2024-11-29,1
361,Edward Sutton,wilsoncatherine@example.com,2024-06-18,0
362,Timothy Haynes,collinschristine@example.org,2025-07-11,1
363,Diane Smith,loripayne@example.net,2024-07-15,0
364,Keith Ali,hjones@example.net,2024-08-08,1
365,Jeremy Anderson,alexis26@example.org,2025-03-10,2
366,Shelia Keller,janewebster@example.org,2024-12-28,0
367,Justin Zamora,ronaldjohnson@example.net,2025-02-07,2
368,John Cole,thomasespinoza@example.org,2025-06-02,2
369,Kristen Clarke MD,natalie89@example.org,2024-04-15,0
370,Amber Mcdonald,jamespratt@example.net,2025-10-30,0
371,Emily Jenkins,rodriguezjohnny@example.net,2025-01-23,0
372,Bradley Reyes,stewarttiffany@example.com,2025-09-25,0
373,Amy Chan,christopher16@example.net,2024-06-11,0
374,Zachary Brown,wwilliams@example.net,2026-01-13,1
375,Andrea Wilson,toddchristopher@example.org,2025-04-06,0
376,Amy Dawson,dustinwilliams@example.com,2024-04-17,0
377,Christina Martin,theresa92@example.org,2024-05-22,2
378,Sarah Ryan,fjohnson@example.net,2025-07-02,0
379,Gerald French,jacobchan@example.org,2026-01-01,2
380,Kristen Castillo,rwilliams@example.net,2024-12-21,0
381,Chelsey Lane,williamjohnson@example.org,2025-04-28,0
382,Christopher Henderson,kmontgomery@example.org,2024-07-20,1
383,Clinton Johnson,petersontyler@example.com,2025-05-21,1
384,Teresa Jones,anthony33@example.net,2024-05-15,2
385,Ryan Jennings,timothy61@example.com,2025-04-10,1
386,Jennifer Fry,xmathews@example.org,2025-07-28,2
387,Kevin Miller,hamiltonamber@example.com,2025-05-06,0
388,Amanda Wheeler,michael93@example.org,2024-06-17,0
389,Matthew Stone,wesleymartinez@example.net,2024-11-04,1
390,Susan White,smithkatelyn@example.org,2025-09-19,2
391,Sean Russell,dylan17@example.org,2024-12-10,2
392,Elizabeth Fitzpatrick,frivera@example.org,2025-12-02,0
393,Amy Jackson,nathanielsmith@example.org,2025-08-26,0
394,Victoria Rodriguez,allisonstephens@example.net,2025-06-03,1
395,Margaret Andrews,pennyburns@example.net,2024-07-10,0
396,Pamela White,vstanley@example.com,2025-03-15,2
397,Frank Campbell,vincentroy@example.org,2025-07-29,2
398,Leonard White,kara08@example.com,2024-08-24,0
399,Anthony George,thall@example.org,2025-11-30,1
400,Sabrina Lopez,anna02@example.org,2024-05-05,1
401,Krista Wiggins,erikwright@example.net,2024-02-02,0
402,Mrs. Kelsey Ryan,tracyford@example.org,2024-07-15,2
403,Matthew Patton,tiffanycarpenter@example.net,2024-03-30,1
404,Mr. Benjamin Benson PhD,patrick80@example.com,2024-10-03,2
405,Deborah Wheeler,joneskathy@example.net,2024-07-25,0
406,Laura Mullen,qbowman@example.com,2024-04-12,2
407,Tammy Nguyen MD,oward@example.net,2024-12-29,0
408,John Berg,joseph03@example.net,2025-01-23,0
409,Laura Mays,gregorygutierrez@example.net,2024-11-10,2
410,Brianna Cooper,feliciarogers@example.com,2025-03-26,0
411,Laura Padilla,gmathews@example.com,2025-02-10,0
412,Jamie Long,wintersbrian@example.org,2025-08-07,2
413,Ann Nichols,raven06@example.org,2024-07-19,2
414,Andrew Anderson,morrisonmichael@example.org,2025-07-05,1
415,Luis Sutton,ericbrown@example.org,2024-04-16,1
416,Dr. Brian Cervantes MD,marshpatricia@example.com,2024-02-24,0
417,Kenneth Jordan,stephanie15@example.org,2025-08-16,0
418,Michelle Hicks,walkermark@example.org,2025-05-15,0
419,Matthew Nguyen,morankristen@example.com,2024-10-06,1
420,Danielle Ross,stephen23@example.org,2025-03-14,1
421,Mr. Shawn Holt,igomez@example.com,2024-07-09,1
422,Teresa Johnson,carriewest@example.com,2025-06-28,1
423,Tammy Brown,michaelthompson@example.org,2024-11-07,0
424,Heather Sherman,gregoryrivera@example.net,2024-06-07,0
425,Tracie Leon,baileywilliams@example.com,2025-01-23,0
426,Marilyn Leonard,nalexander@example.org,2024-06-08,1
427,Casey Garcia,villarrealchristopher@example.org,2024-09-15,0
428,Rebecca Williams,joshua25@example.org,2025-05-28,2
429,Bruce Bass,lauren71@example.org,2025-04-25,0
430,Mr. Christopher Nash II,kevinrogers@example.com,2024-05-11,0
431,Randy Salas,austincook@example.net,2024-05-22,0
432,Dawn White,milleralexandria@example.net,2024-03-20,1
433,Jennifer Figueroa,glennquinn@example.com,2025-09-16,1
434,Patrick Wilson,fmurphy@example.com,2024-09-18,0
435,Brooke Torres,whitenatasha@example.org,2025-11-25,0
436,Jerry Luna,vjefferson@example.com,2024-01-29,1
437,Tyler Coleman,rebeccaspencer@example.org,2024-12-16,0
438,Jacob Lutz,speterson@example.com,2024-07-15,2
439,Amy Lloyd MD,brownbryan@example.com,2025-04-24,1
440,Kristy Hanson,lharris@example.org,2025-08-06,0
441,Eddie Ross,erikagreen@example.net,2024-05-04,0
442,Stephanie Rogers,kgibson@example.net,2025-04-19,2
443,Joseph Smith,nicholasschwartz@example.net,2025-05-05,0
444,Zachary Webster,flewis@example.com,2024-03-22,0
445,Edgar Molina,juliawilliams@example.org,2025-02-08,2
446,Stephanie Robles,vbradshaw@example.org,2025-05-02,2
447,Brian Massey,jerryschmidt@example.org,2025-05-25,2
448,Juan Wilkerson,jeanturner@example.org,2025-03-04,1
449,Colleen Hood,ksmith@example.net,2025-10-10,0
450,James Richards,rroberts@example.org,2024-03-22,0
451,Robert Castillo,micheallindsey@example.org,2025-11-28,1
452,Laura Baker,megan66@example.com,2026-01-01,1
453,Amy Hays,cpayne@example.com,2024-08-26,0
454,Edward Esparza,ykramer@example.org,2025-09-24,2
455,Stephanie Stevenson,stevenblackwell@example.org,2024-04-11,0
456,Anthony Walsh,jameshester@example.net,2025-11-03,0
457,Sandra Baxter,amy05@example.org,2025-03-27,0
458,Barbara Gonzales,trandavid@example.org,2024-12-18,0
459,Rebecca Logan,jonescharles@example.org,2025-10-25,0
460,Mr. Shawn Blair,vegadaniel@example.net,2025-10-01,0
461,Matthew Nguyen,hernandeztimothy@example.net,2025-12-16,0
462,Debra Phillips,kennethmcconnell@example.com,2025-05-22,1
463,Martha Hoffman,alisha58@example.org,2024-03-15,1
464,Brooke Sellers,danielle36@example.org,2025-10-03,1
465,Amber Melendez,robert47@example.net,2024-04-11,2
466,Daniel Rhodes,jamesmorris@example.com,2025-12-30,0
467,Sarah Beasley,holtjustin@example.net,2025-11-08,0
468,Linda Jensen,johnnymiller@example.org,2025-09-01,2
469,Matthew Haney,fharris@example.org,2025-02-26,0
470,Dawn Gomez,sara76@example.org,2025-01-14,2
471,Daniel Allen,maysrichard@example.org,2024-03-08,0
472,Melinda Ellis,stephen28@example.com,2025-02-06,2
473,Jeremy Webb,jshepard@example.org,2024-04-29,0
474,Kelly Finley,henrylouis@example.org,2024-11-15,2
475,Catherine Brooks,fbrown@example.org,2025-01-19,1
476,Bryan Miller,dwallace@example.net,2025-09-21,2
477,David Clarke,mrose@example.com,2024-02-26,0
478,Phyllis Willis,millerjeremy@example.net,2025-11-07,1
479,Tanya Oliver,jason38@example.net,2024-03-09,2
480,Walter Allen,fhayes@example.org,2024-08-01,1
481,Maria Smith,yvetteknapp@example.org,2025-11-12,1
482,Karen Fischer,cruzjennifer@example.com,2024-09-22,1
483,Tracy Dickson,john37@example.net,2024-07-04,0
484,Ryan Moore,deborahbarrett@example.com,2024-09-20,1
485,Nicole Hall,rbrown@example.com,2024-04-29,1
486,Edward Collier,vanessahughes@example.org,2025-10-23,2
487,Brett Hendricks,laura22@example.net,2024-07-03,0
488,Savannah Watts,dmorris@example.com,2024-04-22,0
489,Joshua Parker,jpaul@example.com,2025-06-26,2
490,Diane Maldonado,ebonyturner@example.org,2024-03-06,2
491,William Brown,anthonyamber@example.com,2024-04-16,0
492,Lori Brown,mark99@example.org,2025-06-04,1
493,George Rogers,williamsbrenda@example.org,2025-03-25,0
494,Kristine Lyons,piercegary@example.com,2025-02-02,0
495,Lauren Owen,jennifer53@example.org,2024-01-29,0
496,Jacob Carroll,john69@example.net,2025-12-20,0
497,Eric Perez,wwilliams@example.org,2025-05-03,1
498,Donald Porter,christopher75@example.com,2025-11-21,0
499,Ryan Richard,waltersjonathan@example.com,2025-06-05,2
500,Pamela Baxter DDS,mccarthyjohn@example.org,2024-08-10,2
501,Kevin Wilkins,pwalker@example.org,2024-08-01,1
502,Larry Walker,erin41@example.org,2025-03-30,1
503,Miguel Spence,thomashenry@example.org,2024-07-28,0
504,Alexandra Levine,zimmermancharles@example.net,2024-09-09,2
505,Mark Scott,justinwallace@example.net,2024-10-02,1
506,Christine Mata,rhamilton@example.org,2025-12-14,0
507,Denise Hudson,mirandahouston@example.com,2024-11-30,2
508,John Mejia,smontes@example.com,2025-03-12,2
509,Danielle Morris,jcox@example.com,2025-08-11,2
510,Jennifer Scott,nicholasjordan@example.com,2024-10-16,1
511,Natalie Marshall,nashnatalie@example.net,2025-03-24,1
512,James Ryan,barry61@example.net,2025-02-07,0
513,Brandon Hall,robert84@example.com,2025-12-03,2
514,Christopher Roach,vbrown@example.com,2025-10-02,2
515,Denise Buck,huffdanielle@example.com,2025-03-17,0
516,Gregory Soto,moorewilliam@example.org,2025-12-31,0
517,Patrick Andrews,qgarcia@example.com,2024-07-22,0
518,Meghan Flores,michaelprice@example.net,2024-05-16,2
519,Shawn Mullins,mtodd@example.net,2025-10-27,2
520,Patricia Huffman,wilsonelizabeth@example.net,2025-01-16,0
521,Cynthia Abbott,jaclyn52@example.net,2025-10-03,1
522,Daniel Watson,kellydaniels@example.com,2024-09-19,0
523,Tracy Ruiz,claytonedwards@example.com,2024-09-18,2
524,Linda Ruiz,krogers@example.org,2024-08-20,2
525,Jeremy Rollins,jennifer17@example.net,2025-02-05,2
526,James Green,sruiz@example.net,2024-03-13,0
527,Stephanie Wright,robert67@example.com,2025-05-15,0
528,Stacy James,franciscochoi@example.com,2024-07-15,0
529,Virginia Yang,sylviayoung@example.com,2024-10-09,0
530,Madeline Clark,darrellblair@example.org,2024-12-15,2
531,Martin Roberts,wallacedakota@example.org,2024-09-24,2
532,Troy Cobb,tabitha98@example.com,2024-07-07,2
533,James Keller,christopher90@example.net,2024-01-26,2
534,Jennifer Wagner,thomaswhitney@example.com,2025-09-23,1
535,Melissa Boyd,waderichard@example.net,2026-01-09,1
536,Amy Gallegos,darmstrong@example.com,2025-10-19,2
537,Mark Estrada,christina67@example.com,2025-04-26,2
538,Dr. Joseph Richards,lindaatkinson@example.org,2024-06-01,0
539,Scott Lee,melissa48@example.com,2024-03-04,0
540,William Price,fmiller@example.net,2024-08-10,0
541,Colleen Davis,zmiranda@example.com,2025-09-05,2
542,Shannon Barrera,gmatthews@example.org,2024-02-20,1
543,Elizabeth Mendoza,grahamjennifer@example.com,2024-12-18,0
544,Christine Gibson,jamesbailey@example.net,2024-01-31,1
545,Erin Miller,linda89@example.com,2025-04-18,1
546,Johnny Gordon,michael35@example.com,2024-07-15,0
547,Kelly Simon,sergio91@example.org,2025-09-12,0
548,Holly Burns,markmartinez@example.net,2025-09-29,1
549,Donald Hughes,joseph34@example.org,2025-11-20,1
550,Martha Mcgee,katie42@example.net,2024-03-03,1
551,Kelly Rich,derek54@example.com,2025-01-29,1
552,Ricky Hicks,jacob52@example.com,2024-11-09,2
553,Max Callahan,uskinner@example.com,2025-01-11,1
554,Christian Marks,lindawilson@example.org,2024-08-27,1
555,Donna Johnson,uschmitt@example.org,2025-08-31,2
556,Justin Hendricks,joyjohnson@example.org,2024-07-21,0
557,Adam Preston,oharris@example.com,2025-04-13,0
558,Jeff Hart,pjohnson@example.net,2024-12-23,0
559,Diane Hernandez,floydmichael@example.com,2025-07-12,1
560,Cheryl Good,amanda81@example.net,2024-02-05,1
561,Deanna Jacobs,nelsonjay@example.net,2024-04-15,1
562,Alexandra Donovan,hughesdebbie@example.net,2024-07-14,0
563,Devon Riley,carol33@example.org,2025-03-26,0
564,Cindy Harris,gwalsh@example.net,2024-11-27,0
565,Jason Graves,laurennorman@example.org,2025-11-04,0
566,Tina Reyes,tammyguzman@example.net,2025-06-13,1
567,Megan Pacheco,pvaughan@example.net,2025-10-06,0
568,Melanie Young,jason15@example.net,2025-05-27,0
569,Gabriela Schmidt,annamiller@example.net,2025-06-14,2
570,Robert Hunt,frank10@example.com,2024-08-25,0
571,Jason Love,amandahicks@example.net,2025-12-28,1
572,Jennifer Brown,diane94@example.com,2025-07-30,1
573,David Foley,robinmitchell@example.com,2025-04-15,0
574,Elizabeth Smith,thomas42@example.net,2026-01-06,1
575,Amy Mcintyre,summerblankenship@example.org,2025-05-23,2
576,Randy Allen,jordan78@example.com,2024-07-22,2
577,Benjamin Kennedy,iwalton@example.com,2025-05-23,0
578,Margaret Williams,debramitchell@example.org,2024-04-09,2
579,Gregory Zamora,brownbrianna@example.com,2024-03-25,0
580,Diana Rivera,helen64@example.org,2025-06-27,0
581,Jesse Cole,lisa27@example.net,2024-01-20,0
582,Matthew Johnson,villarrealchristopher@example.com,2024-09-09,2
583,Catherine Gordon,davisandrew@example.net,2024-08-18,0
584,Erik Morgan,xwatson@example.com,2025-11-23,0
585,Jennifer Smith,qwebb@example.com,2024-07-23,1
586,Ashley Jennings,darrenlewis@example.net,2025-12-13,0
587,Rachel Pearson,susan63@example.com,2025-06-23,0
588,Matthew Underwood,kimsmith@example.com,2024-09-25,0
589,Emma Coleman,zharris@example.net,2025-08-08,0
590,Audrey Gonzalez,ahunter@example.org,2025-05-08,0
591,Raymond Allen,donaldscott@example.net,2024-07-10,0
592,Stephen Williams,umartinez@example.com,2025-08-05,1
593,Judy Franco,williamswanda@example.net,2025-01-16,0
594,Robert Freeman,xbaker@example.net,2025-02-27,0
595,Kevin Rodriguez,jamesreid@example.net,2024-12-11,2
596,Dana Moore,thomasjulia@example.com,2025-06-20,0
597,Carla Ball,melissaorozco@example.com,2024-08-26,1
598,Jennifer Schroeder,pblack@example.com,2025-06-02,0
599,Rodney Horn,obrown@example.org,2024-08-20,0
600,Mrs. Donna Reyes,wesley75@example.net,2025-01-29,0
601,John Elliott,aaronchan@example.org,2024-10-17,0
602,Veronica Crawford,kenneth72@example.org,2024-11-16,0
603,Randy Adams,uroberson@example.com,2024-12-17,0
604,Cynthia Walsh,thomaskim@example.com,2024-05-28,0
605,Heather Martinez,sandra29@example.org,2025-03-26,0
606,Anthony Mahoney,anthony64@example.org,2025-01-25,0
607,Rhonda Williams,hernandezamanda@example.org,2025-11-18,0
608,Christina Waters,deborah04@example.net,2025-01-11,0
609,Richard Castro,qarroyo@example.org,2024-06-02,1
610,Shane Owens,logan45@example.org,2024-05-08,1
611,Amber Rodriguez,markblack@example.org,2025-08-16,0
612,Paul Pineda,rachel27@example.net,2025-12-11,1
613,Harry Parker MD,jeffery19@example.org,2024-09-21,1
614,Sydney Ochoa,diazcarmen@example.com,2024-04-19,0
615,Rebecca Haynes,nparker@example.com,2025-07-24,2
616,Anna Hayden,natalie49@example.com,2025-05-04,2
617,Chelsea Diaz,gutierrezjennifer@example.com,2025-01-25,0
618,Michael Johnson,tina55@example.com,2025-06-14,0
619,Jason Delgado,felicia31@example.org,2024-02-01,2
620,Andrea King,jacobsimmons@example.com,2024-02-21,1
621,Angela Bell,donald66@example.net,2024-08-30,0
622,Tanya Knight,fkelley@example.org,2025-01-03,0
623,Nicholas Ferguson,shartman@example.com,2024-04-10,0
624,Nicholas Kennedy,xhardy@example.org,2025-10-12,0
625,Curtis Peters,williamlevy@example.org,2024-07-16,1
626,Jennifer Ramos,rharris@example.com,2025-06-13,0
627,Matthew Ford,johnwatson@example.net,2025-04-29,0
628,Justin Rich,hmontgomery@example.net,2025-11-10,1
629,William Graves,bondjulie@example.org,2025-09-22,0
630,Laura Solomon,colemankeith@example.net,2025-08-07,0
631,Eric Mcdaniel,jessica38@example.net,2024-10-28,1
632,Melissa Gaines,afischer@example.com,2025-08-19,2
633,Richard White,jmurphy@example.net,2024-02-15,1
634,Julia Obrien,george14@example.com,2024-06-13,1
635,Mathew Moore,dchambers@example.net,2024-08-26,0
636,Jessica Mckinney,aaron23@example.net,2025-06-09,0
637,Christopher Murray,zhenderson@example.org,2025-09-07,1
638,Sarah Serrano,kelly19@example.com,2024-04-12,0
639,Jason Cherry,velezbonnie@example.net,2025-11-03,0
640,Scott Dunlap,kgreene@example.net,2025-11-13,0
641,Latoya Hill,eguerra@example.net,2025-05-25,0
642,Tina Brock,dianeacevedo@example.com,2025-01-15,0
643,Kyle Barry,greendenise@example.com,2024-10-08,0
644,Tyler Scott,michael57@example.com,2024-12-23,0
645,Michelle Schultz,kimberly76@example.net,2025-09-25,0
646,Alyssa Blanchard,corey09@example.net,2024-12-12,2
647,Beverly Jackson,sheltonsarah@example.net,2025-04-13,1
648,Donald Johnson,olivercraig@example.net,2024-01-27,1
649,Manuel Armstrong,lisa90@example.com,2024-03-19,1
650,Elizabeth Howell,wanda41@example.com,2025-07-10,0
651,Philip Parrish,victoria51@example.com,2024-08-17,0
652,Jason Martinez,dfleming@example.org,2024-07-17,1
653,Bruce House,stephanie39@example.org,2025-09-02,1
654,Caleb Underwood,ghansen@example.net,2024-06-20,1
655,Suzanne Holden,hugheschristopher@example.com,2025-10-03,0
656,Heather Fox,owensalex@example.com,2024-09-14,0
657,Jennifer Atkins,alexander08@example.net,2025-07-31,0
658,Autumn Graham,kathryn08@example.org,2025-11-11,0
659,Robert Rodriguez,smithkayla@example.net,2024-06-22,1
660,Ashley Turner,ymeyers@example.com,2024-01-22,1
661,Paul Sanchez,charlescardenas@example.net,2025-02-13,0
662,Rhonda Mcdonald,susan37@example.com,2024-03-11,2
663,Connie Fitzpatrick,michelle50@example.com,2025-08-30,1
664,William Atkinson,cathy01@example.org,2024-06-10,0
665,Brian Harris,campbellrobert@example.org,2025-11-07,0
666,Juan Chung,brandon53@example.org,2024-02-24,0
667,Richard Price,gilbertryan@example.org,2025-08-22,0
668,Mr. Brandon Johnson,williamsmichael@example.org,2024-10-12,0
669,Shelia Hernandez,kevin81@example.com,2024-10-28,0
670,Nicole Ramos,kennethpalmer@example.com,2025-11-20,0
671,Sherry Beard,roger13@example.com,2025-05-05,0
672,Edward Gregory,ubrown@example.com,2025-10-30,2
673,Thomas Sanchez,joseph29@example.net,2024-10-15,0
674,Megan Meza,sfreeman@example.net,2024-03-26,1
675,Mark Davis,walljessica@example.com,2024-03-26,0
676,Larry Esparza,hmccall@example.com,2025-05-09,2
677,Michael Cunningham,jonesricardo@example.net,2024-04-24,0
678,Danny Daniels,lbarrett@example.net,2025-08-02,0
679,Jeffrey Carroll,matthew41@example.net,2024-04-13,2
680,Sarah Ritter,josephwade@example.org,2025-08-23,2
681,Kristi Jones,brian04@example.net,2024-03-12,2
682,Krystal Gregory,feliciacoleman@example.com,2025-01-05,0
683,Alan Smith,kevinwilliamson@example.com,2025-09-19,0
684,Antonio Johnson,dacevedo@example.org,2024-05-17,1
685,Bailey Williams,fmarquez@example.org,2024-08-28,2
686,Denise Lee,jessica42@example.org,2025-01-03,1
687,Michael Dunn,ballardmelissa@example.com,2024-04-20,1
688,Karen Richmond,victor81@example.org,2024-12-18,0
689,Donna Montoya,davidhines@example.com,2025-01-21,1
690,Tammy Mclaughlin,fosterdaisy@example.net,2025-02-07,0
691,Zachary Williams,kristenboyle@example.com,2024-04-12,0
692,Adam Campbell,alex76@example.com,2025-04-10,0
693,William Torres,denise38@example.net,2025-11-19,1
694,Jonathan Frederick,caldwellamanda@example.com,2024-03-26,0
695,Heather Wilson,smithgilbert@example.net,2025-08-02,0
696,Eric Thomas,dorseynicholas@example.org,2025-06-02,1
697,Brianna Boyd,moralesbrenda@example.com,2024-10-15,0
698,Joseph Gross,youngmark@example.net,2025-09-07,1
699,Adriana Buck,alanallen@example.com,2024-02-24,0
700,James Smith,joshua02@example.net,2025-08-29,0
701,Courtney Chambers,annasmith@example.org,2025-07-24,1
702,William Parker,christopherharris@example.org,2024-07-21,0
703,Randy Ramos,amanda24@example.org,2024-12-02,0
704,Brian Hall,iphillips@example.com,2024-03-11,0
705,Nicholas Hoffman,eowens@example.org,2025-11-30,0
706,Richard Lester,parrishjohn@example.net,2024-09-16,2
707,Mario Sloan,ihunt@example.net,2024-09-28,0
708,Kyle Murray,lthomas@example.net,2024-05-04,2
709,Shawn Alvarado,kathyavery@example.org,2025-11-27,0
710,Laurie Mitchell,alice44@example.org,2024-07-12,1
711,Emily Brown,valenzuelamelissa@example.com,2024-10-30,1
712,Angel Munoz,erin65@example.org,2025-07-30,1
713,Maria Dickerson,nunezkyle@example.com,2025-01-07,0
714,Gabrielle Baker,matthew94@example.com,2025-10-15,0
715,David Hardy,otucker@example.org,2025-04-30,0
716,Amy Sampson,thomasjones@example.net,2024-05-17,2
717,Nicholas Grant,middletonpaul@example.org,2025-06-08,2
718,Sean Thornton,xmartinez@example.net,2025-08-21,2
719,Krystal Myers,nguyencarol@example.org,2024-05-25,0
720,Denise Leonard,dperez@example.net,2025-02-12,1
721,Clifford Jones,michaelcameron@example.com,2024-10-12,2
722,Karina Kent,lopezjessica@example.org,2025-06-26,0
723,Sandra Goodwin,melanie22@example.net,2024-06-24,0
724,Tanya Nelson,jamesian@example.net,2024-10-16,1
725,Brooke Williams,ljohnson@example.org,2024-07-22,1
726,Crystal Williams,wpham@example.net,2025-07-03,2
727,Andrew Vasquez,iallen@example.net,2024-10-18,0
728,Michael Flynn,jaimechavez@example.org,2025-10-17,1
729,Brian Bush,opeters@example.org,2024-01-29,0
730,Jason Hancock,donald65@example.com,2025-08-17,0
731,Laura Salinas,martinezstacy@example.net,2026-01-07,0
732,Gary Welch,hartjohn@example.org,2024-07-04,2
733,Thomas Williams,donaldmartinez@example.com,2025-11-09,1
734,Sharon Anderson,chambersallison@example.org,2024-07-09,1
735,Carrie Snyder,michael91@example.org,2025-01-08,0
736,Stacey Andrews,linda10@example.org,2024-10-11,2
737,Sydney Bennett,vdunn@example.net,2024-07-17,0
738,Ana Blevins,davidevans@example.net,2024-09-03,2
739,Theresa Black,washingtoncrystal@example.net,2024-11-10,0
740,Stacey Acosta,farroyo@example.com,2025-11-28,0
741,Christopher Rivera,joseph05@example.net,2024-08-31,0
742,Mark Clark,gabrielhayes@example.org,2024-11-13,0
743,Cole Fritz,joyceandrea@example.com,2024-05-05,1
744,Jennifer Hancock,samuel43@example.net,2025-01-05,1
745,Joshua Farley,jessica77@example.com,2025-02-03,0
746,Joseph Lawson,olsonkeith@example.net,2025-01-25,2
747,Daniel Mullins,williammurray@example.org,2024-03-21,0
748,Alexander Costa,hansontroy@example.com,2024-02-21,1
749,Robert Thompson,lucasjillian@example.com,2024-12-01,2
750,Steven Brown,vturner@example.org,2025-09-10,1
751,Janice Smith,kimberly64@example.com,2025-12-07,0
752,Taylor Sullivan PhD,keithbrown@example.net,2025-01-10,2
753,Scott Allison,rklein@example.org,2025-08-28,1
754,Ricky Scott,scott98@example.com,2024-02-21,0
755,Scott Johnson,sandra11@example.com,2025-06-07,0
756,Michael Bentley,alexiswilkinson@example.com,2025-01-19,1
757,Cindy Black,jenny87@example.com,2025-12-27,1
758,Jillian Torres,tylerboyd@example.net,2025-04-08,1
759,John Duncan,brownmelissa@example.org,2025-05-11,2
760,Justin Collier,hcollins@example.net,2025-09-30,1
761,Phillip Kelley,qdavis@example.com,2025-07-04,0
762,Eduardo Thomas,bdavenport@example.com,2025-03-15,0
763,Kelly Robinson,houstonjennifer@example.org,2024-12-20,0
764,Jack Rivas IV,hthomas@example.org,2025-02-08,1
765,Deborah Nguyen,williamskevin@example.net,2025-05-31,0
766,Gregory Collins,dianahanna@example.net,2025-08-20,1
767,Dr. Richard Salazar,jeffrey23@example.net,2024-04-07,1
768,William Harrison,matthewsgabriela@example.com,2025-11-07,2
769,Margaret Barnes,hollyramirez@example.net,2024-04-04,0
770,Sarah Hurst,awalters@example.org,2024-12-01,2
771,Mr. Brian Savage,jonathanalvarado@example.com,2024-12-18,0
772,Angela Delgado,stephen23@example.org,2025-06-14,2
773,Wendy Patel,mary35@example.com,2025-08-29,0
774,Sean Mitchell,hernandezchristine@example.com,2026-01-19,0
775,Todd Ruiz,gabriel61@example.com,2024-05-06,1
776,Joanne Horton,dmoss@example.org,2024-04-18,0
777,Dennis Gibson,davidsloan@example.org,2024-04-28,0
778,Robert Nguyen,bethanydiaz@example.net,2024-04-19,1
779,Kevin Sanchez,robert26@example.org,2025-03-24,1
780,James Hansen,patrick74@example.net,2024-05-30,1
781,Jason Valencia,ktaylor@example.com,2024-02-21,1
782,Patrick Williams,cdavis@example.net,2026-01-17,1
783,John Conley,leslievincent@example.com,2024-02-05,0
784,Philip Ramirez,jjones@example.org,2024-02-13,0
785,Olivia Warner,zallen@example.net,2025-10-20,0
786,Jonathan Carlson,dianedunlap@example.com,2024-07-26,2
787,Amber Sosa,hcox@example.net,2024-12-26,1
788,William Hernandez,frank64@example.com,2025-10-06,0
789,Renee Mcdonald,alfredjackson@example.org,2024-10-20,0
790,Kathleen Kelly,robertorichardson@example.org,2024-08-03,2
791,Denise Woods,walkerbrent@example.com,2026-01-08,0
792,Sarah Smith,michellebecker@example.org,2024-10-17,1
793,Yesenia Smith,bradleysabrina@example.org,2024-09-07,1
794,Ruth Marquez,tylercox@example.org,2024-11-26,1
795,Alvin Davis,kevincarr@example.org,2024-05-23,0
796,Kimberly Fry,rgardner@example.net,2024-11-24,2
797,Susan Green,thomasjackson@example.com,2026-01-02,2
798,Gary Dixon,robinstephens@example.net,2024-10-26,1
799,Paul Vaughn,douglas53@example.com,2025-02-09,1
800,Daniel Diaz,iberg@example.net,2025-02-11,2
801,Sharon Johnson,ashleydixon@example.org,2024-04-14,1
802,Alexis Velasquez,suzanne67@example.org,2025-05-07,0
803,Wayne Barton,andrew06@example.net,2025-12-14,1
804,Katie Acosta,ianthony@example.com,2024-07-31,1
805,Alejandro Joyce MD,tylerhuynh@example.com,2024-08-25,0
806,Regina Garrett,amandaromero@example.com,2025-02-10,1
807,Jessica Gutierrez,juanbrown@example.com,2025-11-01,2
808,Billy Olson,snydermegan@example.org,2024-06-01,2
809,Anita Castaneda,donguerrero@example.org,2025-12-25,0
810,Anthony Pierce,gomezchad@example.org,2025-01-30,0
811,Brenda Hill,adrianhuber@example.net,2024-09-02,2
812,Anthony Powers,lori10@example.org,2025-12-04,2
813,Ashley Wells,hjackson@example.com,2025-12-14,0
814,Anna Gibbs,qlowery@example.net,2024-06-22,2
815,Robert Brown,jeffrey51@example.org,2025-11-04,2
816,Christopher Horn,fraziertom@example.com,2024-03-19,1
817,Brian Carroll,daviskenneth@example.net,2025-04-18,1
818,Miguel Wright,kramirez@example.com,2025-06-29,0
819,Michael Franco,xlee@example.com,2025-08-30,0
820,Michael Drake,carrollpaul@example.net,2024-08-30,0
821,Joshua Thornton,lawrencehall@example.org,2024-01-27,2
822,Michael Foster,rittercarl@example.com,2024-02-12,0
823,Allison Henry,martinezjames@example.org,2024-03-09,0
824,John Black,lewisscott@example.net,2024-11-13,0
825,Vincent Schultz,greenmelissa@example.org,2024-10-08,1
826,Oscar White,taylorsydney@example.net,2024-10-10,2
827,Anthony Jones,wilsonveronica@example.com,2026-01-13,0
828,Kristin Warren,garciaandrew@example.org,2025-01-29,0
829,Charles Torres,amyperry@example.org,2024-04-02,1
830,Kaitlyn Nelson,vickimoreno@example.org,2025-08-29,0
831,Anthony Patel,lewisnicholas@example.com,2024-05-02,0
832,James Garcia,zacharybriggs@example.com,2025-02-06,0
833,Daniel Douglas,acharles@example.net,2025-09-12,0
834,Andrew Wilson,jessicahiggins@example.org,2025-09-25,0
835,Blake Hart,dwilliams@example.net,2025-08-13,0
836,Nicholas Murray,steeleyvonne@example.org,2024-11-26,0
837,Julie Stephenson,lori68@example.org,2025-05-13,2
838,Stephanie Ward,phernandez@example.net,2024-08-22,0
839,Dominique Golden,emilyross@example.net,2025-04-11,1
840,Debra Stafford,smithlee@example.com,2025-05-28,1
841,Cynthia Jenkins,amymacias@example.net,2025-10-18,0
842,Randall Jimenez,ganderson@example.com,2025-01-08,1
843,Ernest Barber,christopher98@example.org,2024-03-25,0
844,Jessica Wilson MD,brownangela@example.org,2024-06-09,2
845,Michael Davis,erodriguez@example.org,2025-12-10,0
846,Kristi Martinez,karen94@example.com,2024-08-25,0
847,Kurt Howard,nelsonglenda@example.net,2025-07-17,0
848,Michael Mcclure,baxterchristopher@example.com,2025-08-30,2
849,Susan Wilson,ronald93@example.net,2025-08-30,1
850,Alyssa Santana,jamie86@example.com,2025-03-16,1
851,Audrey Young,kellyharris@example.com,2025-02-06,0
852,Michael Diaz,lbradley@example.net,2024-03-13,1
853,Olivia Martin,dcarroll@example.org,2024-03-17,0
854,Cameron Gamble,susanreid@example.com,2024-10-21,2
855,Edward Marshall,morganmiller@example.net,2025-05-16,0
856,Amanda Hernandez,dwright@example.com,2025-02-27,0
857,Thomas Henry,geoffreyswanson@example.com,2024-03-12,0
858,Misty Williams,huntbrad@example.com,2025-05-25,0
859,Erin Schroeder,stevenhayden@example.org,2025-04-21,1
860,Michelle Brown,wthornton@example.net,2025-10-28,0
861,Nicholas Johnson,ramosdaniel@example.net,2024-05-13,1
862,Susan Jackson,sarah60@example.org,2024-09-20,0
863,Jose Diaz,operez@example.org,2025-11-27,1
864,Alicia Chen,katherine18@example.org,2025-09-04,0
865,Jennifer Rubio,candaceeaton@example.com,2025-07-06,0
866,Kathryn Conrad,alexanderrobert@example.com,2024-07-20,1
867,Shannon Fox,billyelliott@example.net,2024-02-07,0
868,Stephanie Jimenez,matthew98@example.com,2024-06-12,0
869,Alicia Johnson,crystaljohnson@example.org,2024-04-22,2
870,Ronald Miller,snyderandrea@example.net,2024-09-27,2
871,Jennifer Craig,efreeman@example.com,2024-02-26,0
872,Melissa Morrow,erikhowe@example.net,2024-07-04,0
873,Michael Berg,tomwilson@example.com,2025-02-07,1
874,Christine Barnes,rsmith@example.net,2025-01-31,0
875,Daniel Ibarra,pbrown@example.net,2025-12-12,0
876,Kevin Rogers,hyang@example.org,2025-08-03,0
877,William Conley,ujohnson@example.com,2024-08-08,1
878,Sean Irwin,joseph75@example.org,2024-05-09,1
879,Deborah Jackson,pprice@example.org,2025-02-21,0
880,Robert Byrd,myersjanet@example.org,2024-03-22,0
881,Bobby Johnson,katelynmay@example.net,2025-05-11,0
882,Douglas Garner,nancyjones@example.org,2025-11-27,1
883,Brian Luna,hwaters@example.com,2025-02-01,0
884,Amber Williams,hdelgado@example.net,2025-07-24,0
885,Alexandra Beasley,michelle44@example.com,2025-06-26,1
886,Sabrina Conway,codyfisher@example.com,2024-12-16,0
887,Kimberly Robinson,stevensherman@example.org,2025-01-19,1
888,Christina Shea,tabitha68@example.org,2024-07-29,0
889,Candice Lewis,jennifermurphy@example.com,2025-10-14,0
890,Michelle Schultz,atran@example.net,2024-10-26,0
891,William Smith,mariah69@example.org,2025-12-22,1
892,Melvin Fisher,kelly47@example.org,2024-11-02,2
893,Heather Humphrey,gmoreno@example.com,2025-06-05,2
894,Cody Williams,allenalyssa@example.org,2024-06-05,0
895,Randy Wilson,davidmendoza@example.org,2025-08-15,1
896,Eric Silva DVM,gsanchez@example.net,2025-02-10,0
897,Amanda Gonzales,wayne37@example.com,2025-07-24,0
898,Kimberly Collins,davidbrown@example.com,2024-02-16,2
899,David Arias,cory79@example.com,2024-10-22,0
900,Michael Rosario,kathryn71@example.org,2024-05-13,0
901,Brian Scott,ericaparker@example.net,2024-09-09,0
902,Mrs. Peggy Kelly,timothyli@example.org,2025-11-18,0
903,Kyle Kelly,phillipsmichael@example.com,2025-01-09,0
904,Garrett Williams,jochoa@example.com,2025-07-25,1
905,Maria Page,valerie39@example.net,2025-12-30,0
906,John Fry,anne94@example.org,2025-10-20,2
907,Stephanie Pearson,amberprice@example.org,2025-09-17,2
908,Brandon Morris,derek19@example.com,2024-09-08,0
909,Tracy Washington,ronaldhayes@example.net,2024-11-14,0
910,Mark Brown,zaguilar@example.org,2024-05-02,0
911,Tiffany Rodriguez,barrnicholas@example.org,2024-09-09,1
912,Yvonne Rogers,wlogan@example.com,2024-04-20,0
913,Dennis White,amy10@example.com,2024-03-24,1
914,Caitlin Trujillo,adamschristian@example.com,2024-11-07,0
915,Rodney Adams,william83@example.org,2025-03-28,1
916,Stephen Ellis,aaronlove@example.org,2025-05-21,0
917,Rachel Petty,theresaarmstrong@example.net,2024-02-08,0
918,Brady Barnes,patriciapeck@example.net,2024-06-30,2
919,Timothy Martin,browntroy@example.org,2025-05-31,1
920,John Smith,martinezchristopher@example.com,2025-07-05,0
921,Patrick Sullivan,bonillascott@example.org,2024-12-31,2
922,Andrea Berry,garcianicole@example.com,2025-11-24,0
923,Courtney Reed,christopher49@example.net,2025-11-14,2
924,Lauren Morrison,hwheeler@example.net,2025-11-07,1
925,Michelle Sexton,dennis78@example.com,2024-11-03,0
926,Casey Oneill,joannmaddox@example.com,2024-07-15,0
927,Jessica Williams,johnsonmaria@example.com,2025-10-21,0
928,Stephanie Santana,juliewhite@example.net,2024-08-11,1
929,David Reynolds,kblack@example.net,2025-03-22,1
930,Destiny Johnson,jonesrichard@example.net,2026-01-07,0
931,Natalie Woodward,matthew30@example.net,2025-08-06,0
932,Russell Johnson,steven47@example.com,2024-04-04,2
933,Michelle Ayers,phillipmcdowell@example.net,2024-10-20,2
934,Jeffrey Foster,ucooper@example.net,2024-12-30,1
935,Jeffery Shaw,christophersalazar@example.com,2025-03-08,0
936,Robin Rodriguez,brandon89@example.org,2026-01-15,0
937,Ashley Cole,allisonandrew@example.net,2025-09-24,0
938,Kim Bender,belinda51@example.com,2024-07-05,2
939,Adam Adams,danielle22@example.com,2024-05-12,0
940,Angela Singh,kristinarivas@example.net,2025-01-02,1
941,Amy Diaz,wmoore@example.com,2024-11-27,0
942,Michael Schultz,theresaduncan@example.net,2024-06-28,1
943,Amy Smith,jacob25@example.net,2025-02-18,1
944,Bailey Brown,rosesarah@example.com,2025-02-14,2
945,Sabrina Johnson,jakebrooks@example.org,2024-11-06,0
946,Jillian Watts,edwardstimothy@example.org,2025-10-09,0
947,Brian Lewis,fburton@example.net,2025-10-24,0
948,Michael Strickland,casey03@example.org,2025-11-01,2
949,Ashley Booker,schaefermaria@example.com,2025-11-27,2
950,Dwayne Chapman,robertphelps@example.org,2024-11-06,1
951,Alicia Key,nhanson@example.net,2024-06-30,1
952,Hector Taylor,smithjoseph@example.com,2025-05-03,1
953,Donald Taylor,icruz@example.org,2024-10-12,0
954,Jerry Jones,cooperbob@example.com,2024-08-03,2
955,Kenneth Brown,inguyen@example.net,2026-01-19,0
956,Colleen Gentry,teresa57@example.org,2024-11-15,0
957,Allison Ortiz,frederickjonathan@example.com,2025-09-01,1
958,Daniel George,keith55@example.com,2025-09-23,0
959,Jason Lindsey,qcohen@example.net,2024-03-13,0
960,Annette Smith,james03@example.net,2025-06-17,1
961,Kristina Delgado,orivas@example.com,2024-06-07,0
962,Michael Baker,patricia50@example.com,2024-02-27,1
963,Joshua Black,opowell@example.org,2026-01-18,0
964,Lance Smith,zgeorge@example.net,2024-11-02,0
965,Jennifer Bond,brettmoss@example.net,2025-01-21,0
966,Kimberly Santana,arthur65@example.net,2025-02-27,0
967,Jenny Cross,nathanielhall@example.net,2025-11-19,1
968,Kevin Nolan,hbrown@example.net,2026-01-14,0
969,Madeline Morton,michellerojas@example.net,2025-08-07,1
970,Christopher Smith,sophiamills@example.com,2025-07-09,0
971,Jessica Cruz,sotoanthony@example.com,2025-01-29,1
972,Mr. Nicholas Burton,brownkristen@example.com,2024-05-17,2
973,Mary Allen,ycampbell@example.org,2024-05-20,1
974,Kimberly Johnson,caroljacobs@example.net,2025-03-15,0
975,Sherry Dennis,ronaldrogers@example.net,2025-04-30,0
976,Kenneth Cooper,brendameyer@example.org,2025-04-02,0
977,Erica Kirby,pamela44@example.org,2025-09-07,1
978,Angela Newman,michael25@example.com,2024-04-22,0
979,Matthew Williams,nreed@example.com,2025-04-10,0
980,Christopher Clark,nramirez@example.com,2024-08-16,1
981,Sharon Cole,karen03@example.org,2024-09-15,0
982,Summer Jones,wallerjennifer@example.org,2025-07-02,1
983,Bryan Hill,terri39@example.com,2025-05-20,0
984,Corey Johnson,weavergary@example.org,2024-02-04,0
985,Colin Flores,xcruz@example.org,2025-06-09,1
986,Alyssa Villegas,stokesdennis@example.net,2024-07-27,0
987,Emily Brock,bradleymichael@example.net,2025-11-26,1
988,Christina Rivera,jennifersantos@example.com,2025-10-29,0
989,Wayne Williams,trevor31@example.net,2025-10-08,0
990,Joseph Roberts,dsanders@example.org,2025-01-24,2
991,Susan Galvan MD,pearsonsusan@example.com,2024-11-03,1
992,Nathan Vance,harrisrandy@example.com,2024-11-20,1
993,Maureen Stone,rodriguezmichelle@example.net,2025-04-22,0
994,Michael Gomez,kimberly63@example.com,2024-07-10,1
995,Shelby Robinson MD,alison74@example.com,2025-04-11,0
996,Elizabeth Mays,ericgarcia@example.net,2025-06-04,0
997,Rebecca Miranda,johnsfrank@example.net,2024-09-19,2
998,John Arellano,weberchristopher@example.org,2025-12-14,0
999,Amanda Wright,stokesamy@example.com,2025-02-20,2
1000,Cassandra King,thomasjessica@example.org,2025-12-04,0
